{"TTFB": 52.96999999700347}
{"FCP": 195.00500000140164}
{"LCP": 361.274}
{"CLS": 0}
{"TTFB": 3.505000000586733}
{"FCP": 52.45000000286382}
{"CLS": 0}
{"LCP": 135.585}
{"TTFB": 4.464999998162966}
{"FCP": 51.69500000192784}
{"CLS": 0}
{"LCP": 134.83}
{"TTFB": 1.520000005257316}
{"FCP": 52.23000000114553}
{"CLS": 0}
{"LCP": 151.99}
{"TTFB": 1.759999999194406}
{"FCP": 52.20000000554137}
{"LCP": 151.965}
{"CLS": 0}
{"TTFB": 1.9699999975273386}
{"FCP": 44.78999999992084}
{"CLS": 0}
{"LCP": 127.975}
{"TTFB": 2.0350000049802475}
{"FCP": 57.78999999893131}
{"CLS": 0}
{"LCP": 140.924}
{"TTFB": 2.1249999990686774}
{"FCP": 53.70499999844469}
{"CLS": 0}
{"LCP": 170.095}
{"TTFB": 1.9350000002305023}
{"FCP": 53.10499999905005}
{"CLS": 0}
{"LCP": 136.229}
{"TTFB": 1.8999999956577085}
{"FCP": 45.01999999774853}
{"CLS": 0}
{"LCP": 128.154}
{"TTFB": 1.4700000028824434}
{"FCP": 117.97500000102445}
{"CLS": 0}
{"LCP": 117.975}
{"TTFB": 1.7250000018975697}
{"FCP": 45.44999999779975}
{"CLS": 0}
{"LCP": 128.59}
{"TTFB": 1.8249999993713573}
{"FCP": 52.7349999974831}
{"LCP": 135.869}
{"CLS": 0}
{"TTFB": 2.210000006016344}
{"FCP": 51.340000005438924}
{"CLS": 0}
{"LCP": 134.475}
{"TTFB": 1.7399999996996485}
{"FCP": 54.14500000188127}
{"CLS": 0}
{"LCP": 153.904}
{"TTFB": 1.7750000042724423}
{"FCP": 54.67499999940628}
{"LCP": 154.439}
{"CLS": 0}
{"TTFB": 1.729999996314291}
{"FCP": 54.38499999581836}
{"CLS": 0}
{"LCP": 154.194}
{"TTFB": 1.6749999995226972}
{"FCP": 53.77500000031432}
{"CLS": 0}
{"LCP": 153.545}
{"TTFB": 1.830000001064036}
{"FCP": 45.97500000090804}
{"CLS": 0}
{"LCP": 129.11}
{"TTFB": 2.3599999985890463}
{"FCP": 56.57000000064727}
{"CLS": 0}
{"LCP": 156.334}
{"TTFB": 2.0700000022770837}
{"FCP": 56.09499999991385}
{"CLS": 0}
{"LCP": 139.235}
{"TTFB": 1.8049999998765998}
{"FCP": 41.364999997313134}
{"CLS": 0}
{"LCP": 141.189}
{"TTFB": 1.7499999958090484}
{"FCP": 44.060000000172295}
{"CLS": 0}
{"LCP": 143.869}
{"TTFB": 1.5350000030593947}
{"FCP": 54.77000000246335}
{"CLS": 0}
{"LCP": 154.529}
{"TTFB": 1.4599999994970858}
{"FCP": 63.34999999671709}
{"CLS": 0}
{"LCP": 146.489}
{"TTFB": 2.139999996870756}
{"FCP": 43.26999999466352}
{"CLS": 0}
{"LCP": 143.079}
{"TTFB": 1.839999997173436}
{"FCP": 117.48000000079628}
{"LCP": 117.48}
{"CLS": 0}
{"TTFB": 3.2700000010663643}
{"FCP": 48.75000000174623}
{"CLS": 0}
{"LCP": 131.885}
{"TTFB": 1.485000000684522}
{"FCP": 51.250000004074536}
{"CLS": 0}
{"LCP": 167.639}
{"TTFB": 2.0450000010896474}
{"FCP": 46.79500000202097}
{"CLS": 0}
{"LCP": 129.925}
{"TTFB": 3.7200000006123446}
{"FCP": 48.37500000576256}
{"CLS": 0}
{"LCP": 131.5}
{"TTFB": 1.9749999992200173}
{"FCP": 49.93000000104075}
{"CLS": 0}
{"LCP": 133.065}
{"TTFB": 1.4950000040698797}
{"FCP": 52.35499999980675}
{"CLS": 0}
{"LCP": 152.119}
{"TTFB": 2.25499999942258}
{"FCP": 58.414999999513384}
{"CLS": 0}
{"LCP": 124.925}
{"TTFB": 2.3849999997764826}
{"FCP": 51.659999997355044}
{"CLS": 0}
{"LCP": 151.42}
{"TTFB": 1.6600000017206185}
{"FCP": 46.164999999746215}
{"CLS": 0}
{"LCP": 162.55}
{"TTFB": 1.9200000024284236}
{"FCP": 45.86000000563217}
{"CLS": 0}
{"LCP": 129}
{"TTFB": 1.6200000027311035}
{"FCP": 46.05499999888707}
{"CLS": 0}
{"LCP": 129.235}
{"TTFB": 2.40499999927124}
{"FCP": 56.754999997792765}
{"CLS": 0}
{"LCP": 123.26}
{"TTFB": 1.4300000038929284}
{"FCP": 61.22999999934109}
{"LCP": 177.675}
{"CLS": 0}
{"TTFB": 2.6199999992968515}
{"FCP": 62.96999999904074}
{"CLS": 0}
{"LCP": 162.734}
{"TTFB": 1.7049999951268546}
{"FCP": 50.76499999995576}
{"CLS": 0}
{"LCP": 150.529}
{"TTFB": 1.900000002933666}
{"FCP": 52.90499999682652}
{"CLS": 0}
{"LCP": 152.674}
{"TTFB": 1.8550000022514723}
{"FCP": 60.09500000072876}
{"CLS": 0}
{"LCP": 143.235}
{"TTFB": 1.4700000028824434}
{"FCP": 54.15000000357395}
{"LCP": 137.28}
{"CLS": 0}
{"TTFB": 1.6299999988405034}
{"FCP": 41.584999999031425}
{"CLS": 0}
{"LCP": 141.349}
{"TTFB": 1.949999998032581}
{"FCP": 63.64000000030501}
{"CLS": 0}
{"LCP": 130.145}
{"TTFB": 1.729999996314291}
{"FCP": 53.31999999907566}
{"CLS": 0}
{"LCP": 136.454}
{"TTFB": 3.385000003618188}
{"FCP": 49.05500000313623}
{"LCP": 148.809}
{"CLS": 0}
{"TTFB": 2.210000006016344}
{"FCP": 51.22000000119442}
{"CLS": 0}
{"LCP": 150.985}
{"TTFB": 1.4650000011897646}
{"FCP": 55.67500000324799}
{"LCP": 155.435}
{"CLS": 0}
{"TTFB": 2.2400000016205013}
{"FCP": 59.014999998908024}
{"CLS": 0}
{"LCP": 142.149}
{"TTFB": 2.4300000004586764}
{"FCP": 51.059999997960404}
{"CLS": 0}
{"LCP": 134.185}
{"TTFB": 2.209999998740386}
{"FCP": 54.37499999970896}
{"CLS": 0}
{"LCP": 154.134}
{"TTFB": 2.1550000019487925}
{"FCP": 50.62999999790918}
{"CLS": 0}
{"LCP": 133.755}
{"TTFB": 1.4999999984866008}
{"FCP": 45.044999998935964}
{"CLS": 0}
{"LCP": 144.8}
{"TTFB": 1.9699999975273386}
{"FCP": 46.080000000074506}
{"CLS": 0}
{"LCP": 129.209}
{"TTFB": 1.6949999990174547}
{"FCP": 47.814999998081475}
{"CLS": 0}
{"LCP": 147.569}
{"TTFB": 1.7850000003818423}
{"FCP": 52.33500000031199}
{"CLS": 0}
{"LCP": 152.105}
{"TTFB": 1.630000006116461}
{"FCP": 56.99000000458909}
{"CLS": 0}
{"LCP": 123.44}
{"TTFB": 2.17500000144355}
{"FCP": 45.96499999752268}
{"CLS": 0}
{"LCP": 145.779}
{"TTFB": 2.4699999994481914}
{"FCP": 46.48000000452157}
{"CLS": 0}
{"LCP": 129.605}
{"TTFB": 2.5750000058906153}
{"FCP": 61.95000000298023}
{"LCP": 128.459}
{"CLS": 0}
{"TTFB": 2.2399999943445437}
{"FCP": 53.9649999991525}
{"CLS": 0}
{"LCP": 137.099}
{"TTFB": 2.18499999755295}
{"FCP": 51.715000001422595}
{"CLS": 0}
{"LCP": 134.85}
{"TTFB": 2.3999999975785613}
{"FCP": 51.944999999250285}
{"CLS": 0}
{"LCP": 135.08}
{"TTFB": 1.870000000053551}
{"FCP": 46.450000001641456}
{"CLS": 0}
{"LCP": 146.26}
{"TTFB": 3.250000001571607}
{"FCP": 48.24000000371598}
{"CLS": 0}
{"LCP": 131.375}
{"TTFB": 1.9849999953294173}
{"FCP": 121.05999999766937}
{"CLS": 0}
{"LCP": 121.059}
{"TTFB": 2.3450000007869676}
{"FCP": 41.70500000327593}
{"CLS": 0}
{"LCP": 124.895}
{"TTFB": 2.0000000004074536}
{"FCP": 45.16999999759719}
{"CLS": 0}
{"LCP": 144.979}
{"TTFB": 1.7450000013923272}
{"FCP": 50.76000000553904}
{"CLS": 0}
{"LCP": 133.89}
{"TTFB": 1.9949999987147748}
{"FCP": 121.80000000080327}
{"CLS": 0}
{"LCP": 121.8}
{"TTFB": 1.5399999974761158}
{"FCP": 44.67999999906169}
{"CLS": 0}
{"LCP": 127.869}
{"TTFB": 3.9200000028358772}
{"FCP": 63.24500000482658}
{"CLS": 0}
{"LCP": 129.755}
{"TTFB": 1.4950000040698797}
{"FCP": 57.00500000239117}
{"CLS": 0}
{"LCP": 123.465}
{"TTFB": 2.31500000518281}
{"FCP": 61.01000000489876}
{"CLS": 0}
{"LCP": 144.145}
{"TTFB": 1.304999997955747}
{"FCP": 51.77499999990687}
{"CLS": 0}
{"LCP": 134.904}
{"TTFB": 1.6450000039185397}
{"FCP": 59.09999999857973}
{"CLS": 0}
{"LCP": 142.234}
{"TTFB": 4.249999998137355}
{"FCP": 49.295000004349276}
{"CLS": 0}
{"LCP": 132.429}
{"TTFB": 2.449999999953434}
{"FCP": 56.38500000350177}
{"CLS": 0}
{"LCP": 139.515}
{"TTFB": 1.4799999989918433}
{"FCP": 63.25499999366002}
{"LCP": 163.019}
{"CLS": 0}
{"TTFB": 1.5500000008614734}
{"FCP": 51.639999997860286}
{"CLS": 0}
{"LCP": 151.409}
{"TTFB": 2.050000002782326}
{"FCP": 118.54000000312226}
{"CLS": 0}
{"LCP": 118.54}
{"TTFB": 2.294999998412095}
{"FCP": 60.590000000956934}
{"CLS": 0}
{"LCP": 143.72}
{"TTFB": 2.03499999770429}
{"FCP": 52.09999999351567}
{"CLS": 0}
{"LCP": 135.224}
{"TTFB": 1.7049999951268546}
{"FCP": 50.49999999755528}
{"CLS": 0}
{"LCP": 133.629}
{"TTFB": 1.6949999990174547}
{"FCP": 56.78500000067288}
{"LCP": 156.544}
{"CLS": 0}
{"TTFB": 1.9950000059907325}
{"FCP": 63.32000000111293}
{"CLS": 0}
{"LCP": 146.515}
{"TTFB": 1.5399999974761158}
{"FCP": 59.774999994260725}
{"CLS": 0}
{"LCP": 126.224}
{"TTFB": 1.7650000008870848}
{"FCP": 122.97000000398839}
{"CLS": 0}
{"LCP": 122.97}
{"TTFB": 4.284999995434191}
{"FCP": 65.32000000152038}
{"CLS": 0}
{"LCP": 148.454}
{"TTFB": 1.640000002225861}
{"FCP": 53.61500000435626}
{"CLS": 0}
{"LCP": 136.75}
{"TTFB": 1.5700000003562309}
{"FCP": 47.72000000230037}
{"LCP": 130.855}
{"CLS": 0}
{"TTFB": 1.6249999971478246}
{"FCP": 47.18499999580672}
{"CLS": 0}
{"LCP": 147.004}
{"TTFB": 2.370000001974404}
{"FCP": 59.92500000138534}
