{"TTFB": 113.08999999891967}
{"FCP": 219.9049999981071}
{"LCP": 219.904}
{"CLS": 0}
{"TTFB": 3.6450000043259934}
{"FCP": 50.02500000409782}
{"LCP": 166.405}
{"CLS": 0}
{"TTFB": 3.210000002582092}
{"FCP": 39.915000001201406}
{"LCP": 39.915}
{"CLS": 0}
{"TTFB": 1.524999999674037}
{"FCP": 50.40500000177417}
{"LCP": 133.54}
{"CLS": 0}
{"TTFB": 1.7799999986891635}
{"FCP": 56.50499999319436}
{"LCP": 56.504}
{"CLS": 0}
{"TTFB": 1.7650000008870848}
{"FCP": 56.515000003855675}
{"LCP": 139.66}
{"CLS": 0}
{"TTFB": 1.5950000015436672}
{"FCP": 39.98000000137836}
{"LCP": 139.79}
{"CLS": 0}
{"TTFB": 2.099999997881241}
{"FCP": 59.829999998328276}
{"LCP": 142.969}
{"CLS": 0}
{"TTFB": 1.909999999043066}
{"FCP": 46.34500000247499}
{"LCP": 46.345}
{"CLS": 0}
{"TTFB": 1.6600000017206185}
{"FCP": 42.30999999708729}
{"LCP": 142.014}
{"CLS": 0}
{"TTFB": 3.4149999992223457}
{"FCP": 48.07499999878928}
{"LCP": 48.074}
{"CLS": 0}
{"TTFB": 1.8249999993713573}
{"FCP": 51.429999999527354}
{"LCP": 134.515}
{"CLS": 0}
{"TTFB": 1.8850000051315874}
{"FCP": 63.02500000310829}
{"LCP": 146.11}
{"CLS": 0}
{"TTFB": 2.1199999973759986}
{"FCP": 45.89999999734573}
{"LCP": 145.659}
{"CLS": 0}
{"TTFB": 1.985000002605375}
{"FCP": 54.4099999970058}
{"CLS": 0}
{"LCP": 137.539}
{"TTFB": 2.2299999982351437}
{"FCP": 43.004999999538995}
{"LCP": 43.004}
{"CLS": 0}
{"TTFB": 1.3099999996484257}
{"FCP": 51.74999999871943}
{"LCP": 134.89}
{"CLS": 0}
{"TTFB": 1.3050000052317046}
{"FCP": 55.680000004940666}
{"LCP": 55.68}
{"CLS": 0}
{"TTFB": 2.02500000159489}
{"FCP": 54.26499999884982}
{"CLS": 0}
{"LCP": 154.02}
{"TTFB": 1.5300000013667159}
{"FCP": 50.065000003087334}
{"LCP": 50.065}
{"CLS": 0}
{"TTFB": 1.4300000038929284}
{"FCP": 52.685000002384186}
{"LCP": 135.815}
{"CLS": 0}
{"TTFB": 1.9399999946472235}
{"FCP": 46.314999999594875}
{"LCP": 46.314}
{"CLS": 0}
{"TTFB": 2.3100000034901313}
{"FCP": 56.04999999923166}
{"LCP": 139.179}
{"CLS": 0}
{"TTFB": 1.8199999976786785}
{"FCP": 45.89499999565305}
{"LCP": 145.66}
{"CLS": 0}
{"TTFB": 1.5150000035646372}
{"FCP": 52.5950000010198}
{"LCP": 135.73}
{"CLS": 0}
{"TTFB": 1.9200000024284236}
{"FCP": 62.14999999792781}
{"LCP": 62.149}
{"CLS": 0}
{"TTFB": 1.574999994772952}
{"FCP": 44.904999995196704}
{"LCP": 44.904}
{"CLS": 0}
{"TTFB": 2.0300000032875687}
{"FCP": 43.17000000446569}
{"LCP": 142.984}
{"CLS": 0}
{"TTFB": 1.4749999972991645}
{"FCP": 50.08999999699881}
{"LCP": 50.089}
{"CLS": 0}
{"TTFB": 2.355000004172325}
{"FCP": 54.47000000276603}
{"LCP": 54.47}
{"CLS": 0}
{"TTFB": 1.5149999962886795}
{"FCP": 53.004999994300306}
{"LCP": 53.004}
{"CLS": 0}
{"TTFB": 1.5800000037415884}
{"FCP": 44.09000000305241}
{"LCP": 44.09}
{"CLS": 0}
{"TTFB": 1.6049999976530671}
{"FCP": 54.4000000008964}
{"LCP": 54.4}
{"CLS": 0}
{"TTFB": 2.130000000761356}
{"FCP": 52.34499999642139}
{"LCP": 52.344}
{"CLS": 0}
{"TTFB": 1.3450000042212196}
{"FCP": 38.65500000392785}
{"LCP": 138.469}
{"CLS": 0}
{"TTFB": 2.10499999957392}
{"FCP": 47.440000002097804}
{"LCP": 47.44}
{"CLS": 0}
{"TTFB": 2.6199999992968515}
{"FCP": 53.229999997711275}
{"LCP": 136.304}
{"CLS": 0}
{"TTFB": 2.515000000130385}
{"FCP": 43.03999999683583}
{"LCP": 142.864}
{"CLS": 0}
{"TTFB": 2.0750000039697625}
{"FCP": 44.84000000229571}
{"LCP": 44.84}
{"CLS": 0}
{"TTFB": 1.6049999976530671}
{"FCP": 52.04999999841675}
{"LCP": 52.049}
{"CLS": 0}
{"TTFB": 1.750000003085006}
{"FCP": 38.01999999996042}
{"LCP": 38.019}
{"CLS": 0}
{"TTFB": 2.2349999999278225}
{"FCP": 54.0949999995064}
{"LCP": 137.224}
{"CLS": 0}
{"TTFB": 2.0799999983864836}
{"FCP": 43.98500000388594}
{"CLS": 0}
{"LCP": 143.694}
{"TTFB": 2.795000000332948}
{"FCP": 42.52999999880558}
{"LCP": 142.35}
{"CLS": 0}
{"TTFB": 2.09500000346452}
{"FCP": 56.81000000186032}
{"CLS": 0}
{"LCP": 139.93}
{"TTFB": 1.6949999990174547}
{"FCP": 36.27000000415137}
{"LCP": 36.27}
{"CLS": 0}
{"TTFB": 1.6849999956320971}
{"FCP": 51.15500000101747}
{"CLS": 0}
{"LCP": 134.294}
{"TTFB": 1.3249999974505045}
{"FCP": 47.78000000078464}
{"LCP": 47.78}
{"CLS": 0}
{"TTFB": 1.6199999954551458}
{"FCP": 46.40500000095926}
{"LCP": 46.405}
{"CLS": 0}
{"TTFB": 1.9649999958346598}
{"FCP": 50.46500000025844}
{"CLS": 0}
{"LCP": 50.465}
{"TTFB": 2.18499999755295}
{"FCP": 45.53499999747146}
{"LCP": 145.349}
{"CLS": 0}
{"TTFB": 1.7899999947985634}
{"FCP": 53.4849999967264}
{"LCP": 136.624}
{"CLS": 0}
{"TTFB": 1.5050000001792796}
{"FCP": 45.74500000308035}
{"LCP": 45.745}
{"CLS": 0}
{"TTFB": 1.9299999985378236}
{"FCP": 39.46999999607215}
{"LCP": 39.469}
{"CLS": 0}
{"TTFB": 2.4349999948753975}
{"FCP": 49.4399999952293}
{"LCP": 132.524}
{"CLS": 0}
{"TTFB": 1.5999999959603883}
{"FCP": 40.55499999958556}
{"LCP": 40.554}
{"CLS": 0}
{"TTFB": 2.3500000024796464}
{"FCP": 43.989999998302665}
{"LCP": 127.07}
{"CLS": 0}
{"TTFB": 2.1599999963655137}
{"FCP": 61.80999999924097}
{"LCP": 144.949}
{"CLS": 0}
{"TTFB": 1.8749999944702722}
{"FCP": 39.474999997764826}
{"LCP": 139.294}
{"CLS": 0}
{"TTFB": 1.6150000010384247}
{"FCP": 44.755000002624}
{"LCP": 144.57}
{"CLS": 0}
{"TTFB": 4.079999998793937}
{"FCP": 49.88500000035856}
{"LCP": 49.885}
{"CLS": 0}
{"TTFB": 2.410000000963919}
{"FCP": 52.179999998770654}
{"LCP": 151.935}
{"CLS": 0}
{"TTFB": 2.770000006421469}
{"FCP": 58.66500000411179}
{"LCP": 58.665}
{"CLS": 0}
{"TTFB": 1.7850000003818423}
{"FCP": 44.86999999789987}
{"LCP": 44.869}
{"CLS": 0}
{"TTFB": 2.205000004323665}
{"FCP": 44.49000000022352}
{"LCP": 144.255}
{"CLS": 0}
{"TTFB": 2.2849999950267375}
{"FCP": 58.96999999822583}
{"LCP": 58.969}
{"CLS": 0}
{"TTFB": 1.4650000011897646}
{"FCP": 55.704999998852145}
{"LCP": 138.845}
{"CLS": 0}
{"TTFB": 2.1500000002561137}
{"FCP": 44.11999999865657}
{"LCP": 44.119}
{"CLS": 0}
{"TTFB": 2.4349999948753975}
{"FCP": 46.37499999807915}
{"LCP": 146.179}
{"CLS": 0}
{"TTFB": 2.9500000018742867}
{"FCP": 58.63000000681495}
{"LCP": 58.63}
{"CLS": 0}
{"TTFB": 1.3299999991431832}
{"FCP": 43.06499999802327}
{"LCP": 126.14}
{"CLS": 0}
{"TTFB": 2.5250000035157427}
{"FCP": 50.63000000518514}
{"LCP": 150.39}
{"CLS": 0}
{"TTFB": 2.8400000010151416}
{"FCP": 54.92499999672873}
{"LCP": 138.059}
{"CLS": 0}
{"TTFB": 2.4799999955575913}
{"FCP": 52.41499999829102}
{"LCP": 135.549}
{"CLS": 0}
{"TTFB": 2.1950000009383075}
{"FCP": 42.930000003252644}
{"LCP": 142.684}
{"CLS": 0}
{"TTFB": 2.4649999977555126}
{"FCP": 61.255000000528526}
{"LCP": 144.39}
{"CLS": 0}
{"TTFB": 2.370000001974404}
{"FCP": 58.320000003732275}
{"LCP": 58.32}
{"CLS": 0}
{"TTFB": 2.130000000761356}
{"FCP": 51.954999995359685}
{"LCP": 51.954}
{"CLS": 0}
{"TTFB": 1.8249999993713573}
{"FCP": 46.26499999722}
{"LCP": 46.264}
{"CLS": 0}
{"TTFB": 4.28999999712687}
{"FCP": 49.96499999833759}
{"CLS": 0}
{"LCP": 49.964}
{"TTFB": 1.640000002225861}
{"FCP": 45.635000002221204}
{"LCP": 45.635}
{"CLS": 0}
{"TTFB": 4.030000003695022}
{"FCP": 48.90500000328757}
{"LCP": 48.905}
{"CLS": 0}
{"TTFB": 2.179999995860271}
{"FCP": 46.89499999949476}
{"LCP": 46.894}
{"CLS": 0}
{"TTFB": 2.6400000060675666}
{"FCP": 48.465000007126946}
{"LCP": 148.225}
{"CLS": 0}
{"TTFB": 1.870000000053551}
{"FCP": 53.534999999101274}
{"LCP": 136.669}
{"CLS": 0}
{"TTFB": 1.830000001064036}
{"FCP": 60.83999999827938}
{"LCP": 60.839}
{"CLS": 0}
{"TTFB": 2.1200000046519563}
{"FCP": 45.76500000257511}
{"CLS": 0}
{"LCP": 45.765}
{"TTFB": 4.690000001573935}
{"FCP": 49.41999999573454}
{"LCP": 49.419}
{"CLS": 0}
{"TTFB": 1.5149999962886795}
{"FCP": 38.84499999549007}
{"LCP": 38.844}
{"CLS": 0}
{"TTFB": 1.4099999971222132}
{"FCP": 44.93499999807682}
{"LCP": 44.934}
{"CLS": 0}
{"TTFB": 2.6150000048801303}
{"FCP": 48.83500000141794}
{"LCP": 48.835}
{"CLS": 0}
{"TTFB": 2.4699999994481914}
{"FCP": 50.739999998768326}
{"LCP": 150.495}
{"CLS": 0}
{"TTFB": 1.4400000000023283}
{"FCP": 53.77500000031432}
{"LCP": 53.775}
{"CLS": 0}
{"TTFB": 3.5349999961908907}
{"FCP": 49.989999999525025}
{"LCP": 133.125}
{"CLS": 0}
{"TTFB": 2.410000000963919}
{"FCP": 46.71499999676598}
{"LCP": 146.469}
{"CLS": 0}
{"TTFB": 2.2800000006100163}
{"FCP": 43.1349999998929}
{"LCP": 142.894}
{"CLS": 0}
{"TTFB": 2.2749999989173375}
