{"FCP": 122.8899999987334}
{"TTFB": 12.3100000055274}
{"LCP": 272.519}
{"FID": 2.0649999933084473}
{"FCP": 124.77500000386499}
{"TTFB": 8.155000003171153}
{"FID": 2.4249999987659976}
{"LCP": 291.035}
{"FCP": 119.64000000443775}
{"TTFB": 6.829999998444691}
{"FID": 2.19499999366235}
{"LCP": 219.355}
{"FCP": 119.64000000443775}
{"FID": 2.19499999366235}
{"TTFB": 6.829999998444691}
{"LCP": 219.355}
{"FCP": 119.64000000443775}
{"FID": 2.19499999366235}
{"TTFB": 6.829999998444691}
{"LCP": 219.355}
{"FCP": 119.64000000443775}
{"FID": 2.19499999366235}
{"TTFB": 6.829999998444691}
{"LCP": 219.355}
{"FCP": 119.64000000443775}
{"FID": 2.19499999366235}
{"TTFB": 6.829999998444691}
{"LCP": 219.355}
{"FID": 2.19499999366235}
{"FCP": 119.64000000443775}
{"TTFB": 6.829999998444691}
{"LCP": 219.355}
{"FCP": 119.64000000443775}
{"FID": 2.19499999366235}
{"TTFB": 6.829999998444691}
{"LCP": 219.355}
{"FCP": 195.54000000061933}
{"TTFB": 78.81999999517575}
{"LCP": 361.864}
{"FCP": 195.54000000061933}
{"TTFB": 78.81999999517575}
{"FID": 0.8600000001024455}
{"FID": 0.8600000001024455}
{"LCP": 361.864}
{"FCP": 195.54000000061933}
{"FID": 0.8600000001024455}
{"TTFB": 78.81999999517575}
{"LCP": 361.864}
{"FID": 0.8600000001024455}
{"TTFB": 78.81999999517575}
{"FCP": 195.54000000061933}
{"LCP": 361.864}
{"FID": 0.8600000001024455}
{"FCP": 195.54000000061933}
{"TTFB": 78.81999999517575}
{"LCP": 361.864}
{"FCP": 195.54000000061933}
{"FID": 0.8600000001024455}
{"TTFB": 78.81999999517575}
{"LCP": 361.864}
{"FID": 0.8600000001024455}
{"FCP": 195.54000000061933}
{"TTFB": 78.81999999517575}
{"LCP": 361.864}
{"FCP": 195.54000000061933}
{"FID": 0.8600000001024455}
{"TTFB": 78.81999999517575}
{"LCP": 361.864}
{"FID": 0.8600000001024455}
{"FCP": 195.54000000061933}
{"TTFB": 78.81999999517575}
{"LCP": 361.864}
{"FCP": 195.54000000061933}
{"FID": 0.8600000001024455}
{"TTFB": 78.81999999517575}
{"LCP": 361.864}
{"FID": 0.8600000001024455}
{"FCP": 195.54000000061933}
{"TTFB": 78.81999999517575}
{"LCP": 361.864}
{"FCP": 195.54000000061933}
{"FID": 0.8600000001024455}
{"TTFB": 78.81999999517575}
{"LCP": 361.864}
{"FCP": 195.54000000061933}
{"FID": 0.8600000001024455}
{"TTFB": 78.81999999517575}
{"LCP": 361.864}
{"FCP": 195.54000000061933}
{"FID": 0.8600000001024455}
{"TTFB": 78.81999999517575}
{"LCP": 361.864}
{"FCP": 195.54000000061933}
{"FID": 0.8600000001024455}
{"TTFB": 78.81999999517575}
{"LCP": 361.864}
{"FCP": 195.54000000061933}
{"FID": 0.8600000001024455}
{"TTFB": 78.81999999517575}
{"LCP": 361.864}
{"FCP": 195.54000000061933}
{"FID": 0.8600000001024455}
{"TTFB": 78.81999999517575}
{"LCP": 361.864}
{"FCP": 195.54000000061933}
{"FID": 0.8600000001024455}
{"TTFB": 78.81999999517575}
{"LCP": 361.864}
{"FCP": 195.54000000061933}
{"FID": 0.8600000001024455}
{"TTFB": 78.81999999517575}
{"LCP": 361.864}
{"FCP": 195.54000000061933}
{"FID": 0.8600000001024455}
{"TTFB": 78.81999999517575}
{"LCP": 361.864}
{"FCP": 195.54000000061933}
{"TTFB": 78.81999999517575}
{"FID": 0.8600000001024455}
{"LCP": 361.864}
{"FCP": 195.54000000061933}
{"FID": 0.8600000001024455}
{"TTFB": 78.81999999517575}
{"LCP": 361.864}
{"FCP": 195.54000000061933}
{"FID": 0.8600000001024455}
{"TTFB": 78.81999999517575}
{"LCP": 361.864}
{"FID": 0.8600000001024455}
{"FCP": 195.54000000061933}
{"TTFB": 78.81999999517575}
{"LCP": 361.864}
{"FCP": 195.54000000061933}
{"FID": 0.8600000001024455}
{"TTFB": 78.81999999517575}
{"LCP": 361.864}
{"FCP": 195.54000000061933}
{"FID": 0.8600000001024455}
{"TTFB": 78.81999999517575}
{"LCP": 361.864}
{"FCP": 195.54000000061933}
{"FID": 0.8600000001024455}
{"TTFB": 78.81999999517575}
{"LCP": 361.864}
{"FID": 0.8600000001024455}
{"FCP": 195.54000000061933}
{"TTFB": 78.81999999517575}
{"LCP": 361.864}
{"FCP": 195.54000000061933}
{"FID": 0.8600000001024455}
{"TTFB": 78.81999999517575}
{"LCP": 361.864}
{"FCP": 195.54000000061933}
{"FID": 0.8600000001024455}
{"TTFB": 78.81999999517575}
{"LCP": 361.864}
{"FCP": 195.54000000061933}
{"TTFB": 78.81999999517575}
{"FID": 0.8600000001024455}
{"LCP": 361.864}
{"FCP": 195.54000000061933}
{"FID": 0.8600000001024455}
{"TTFB": 78.81999999517575}
{"LCP": 361.864}
{"FID": 0.8600000001024455}
{"FCP": 195.54000000061933}
{"TTFB": 78.81999999517575}
{"LCP": 361.864}
{"FCP": 195.54000000061933}
{"FID": 0.8600000001024455}
{"TTFB": 78.81999999517575}
{"LCP": 361.864}
{"FID": 0.8600000001024455}
{"FCP": 195.54000000061933}
{"TTFB": 78.81999999517575}
{"LCP": 361.864}
{"FCP": 195.54000000061933}
{"FID": 0.8600000001024455}
{"TTFB": 78.81999999517575}
{"LCP": 361.864}
{"FCP": 195.54000000061933}
{"FID": 0.8600000001024455}
{"TTFB": 78.81999999517575}
{"LCP": 361.864}
{"FCP": 195.54000000061933}
{"FID": 0.8600000001024455}
{"TTFB": 78.81999999517575}
{"LCP": 361.864}
{"FID": 0.8600000001024455}
{"FCP": 195.54000000061933}
{"TTFB": 78.81999999517575}
{"LCP": 361.864}
{"FCP": 195.54000000061933}
{"FID": 0.8600000001024455}
{"TTFB": 78.81999999517575}
{"LCP": 361.864}
{"FCP": 195.54000000061933}
{"FID": 0.8600000001024455}
{"TTFB": 78.81999999517575}
{"LCP": 361.864}
{"FCP": 195.54000000061933}
{"TTFB": 78.81999999517575}
{"FID": 0.8600000001024455}
{"LCP": 361.864}
{"FCP": 195.54000000061933}
{"FID": 0.8600000001024455}
{"TTFB": 78.81999999517575}
{"LCP": 361.864}
{"FCP": 195.54000000061933}
{"FID": 0.8600000001024455}
{"TTFB": 78.81999999517575}
{"LCP": 361.864}
{"FCP": 195.54000000061933}
{"FID": 0.8600000001024455}
{"TTFB": 78.81999999517575}
{"LCP": 361.864}
{"FCP": 195.54000000061933}
{"TTFB": 78.81999999517575}
{"FID": 0.8600000001024455}
{"LCP": 361.864}
{"FID": 0.8600000001024455}
{"FCP": 195.54000000061933}
{"TTFB": 78.81999999517575}
{"LCP": 361.864}
{"FCP": 195.54000000061933}
{"FID": 0.8600000001024455}
{"TTFB": 78.81999999517575}
{"LCP": 361.864}
{"FCP": 195.54000000061933}
{"FID": 0.8600000001024455}
{"TTFB": 78.81999999517575}
{"LCP": 361.864}
{"FCP": 195.54000000061933}
{"FID": 0.8600000001024455}
{"TTFB": 78.81999999517575}
{"LCP": 361.864}
{"FCP": 195.54000000061933}
{"FID": 0.8600000001024455}
{"TTFB": 78.81999999517575}
{"LCP": 361.864}
{"FCP": 195.54000000061933}
{"TTFB": 78.81999999517575}
{"FID": 0.8600000001024455}
{"LCP": 361.864}
{"FCP": 195.54000000061933}
{"FID": 0.8600000001024455}
{"TTFB": 78.81999999517575}
{"LCP": 361.864}
{"FCP": 195.54000000061933}
{"FID": 0.8600000001024455}
{"TTFB": 78.81999999517575}
{"LCP": 361.864}
{"FCP": 195.54000000061933}
{"FID": 0.8600000001024455}
{"TTFB": 78.81999999517575}
{"LCP": 361.864}
{"FID": 0.8600000001024455}
{"FCP": 195.54000000061933}
{"TTFB": 78.81999999517575}
{"LCP": 361.864}
{"FCP": 195.54000000061933}
{"FID": 0.8600000001024455}
{"TTFB": 78.81999999517575}
{"LCP": 361.864}
{"FCP": 195.54000000061933}
{"FID": 0.8600000001024455}
{"TTFB": 78.81999999517575}
{"LCP": 361.864}
{"FCP": 195.54000000061933}
{"FID": 0.8600000001024455}
{"TTFB": 78.81999999517575}
{"LCP": 361.864}
{"FCP": 195.54000000061933}
{"FID": 0.8600000001024455}
{"TTFB": 78.81999999517575}
{"LCP": 361.864}
{"FCP": 195.54000000061933}
{"FID": 0.8600000001024455}
{"TTFB": 78.81999999517575}
{"LCP": 361.864}
{"FCP": 195.54000000061933}
{"FID": 0.8600000001024455}
{"TTFB": 78.81999999517575}
{"LCP": 361.864}
{"FCP": 195.54000000061933}
{"FID": 0.8600000001024455}
{"TTFB": 78.81999999517575}
{"LCP": 361.864}
{"FCP": 195.54000000061933}
{"FID": 0.8600000001024455}
{"TTFB": 78.81999999517575}
{"LCP": 361.864}
{"FCP": 195.54000000061933}
{"FID": 0.8600000001024455}
{"TTFB": 78.81999999517575}
{"LCP": 361.864}
{"FCP": 195.54000000061933}
{"TTFB": 78.81999999517575}
{"FID": 0.8600000001024455}
{"LCP": 361.864}
{"FID": 0.8600000001024455}
{"FCP": 195.54000000061933}
{"TTFB": 78.81999999517575}
{"LCP": 361.864}
{"FCP": 195.54000000061933}
{"FID": 0.8600000001024455}
{"TTFB": 78.81999999517575}
{"LCP": 361.864}
{"FCP": 195.54000000061933}
{"TTFB": 78.81999999517575}
{"FID": 0.8600000001024455}
{"LCP": 361.864}
{"FCP": 195.54000000061933}
{"FID": 0.8600000001024455}
{"TTFB": 78.81999999517575}
{"LCP": 361.864}
{"FID": 0.8600000001024455}
