{"FCP": 264}
{"TTFB": 33}
{"FCP": 264}
{"TTFB": 33}
{"FCP": 264}
{"TTFB": 33}
{"FCP": 264}
{"TTFB": 33}
{"FCP": 264}
{"TTFB": 33}
{"FCP": 264}
{"TTFB": 33}
{"FCP": 264}
{"TTFB": 33}
{"FCP": 264}
{"TTFB": 33}
{"FCP": 264}
{"TTFB": 33}
{"FCP": 122.43000000307802}
{"TTFB": 5.3299999999580905}
{"LCP": 321.949}
{"FCP": 122.43000000307802}
{"TTFB": 5.3299999999580905}
{"FID": 2.0700000022770837}
{"FID": 2.0700000022770837}
{"LCP": 321.949}
{"FID": 2.0700000022770837}
{"FCP": 122.43000000307802}
{"TTFB": 5.3299999999580905}
{"LCP": 321.949}
{"FID": 2.0700000022770837}
{"FCP": 122.43000000307802}
{"TTFB": 5.3299999999580905}
{"LCP": 321.949}
{"FID": 2.0700000022770837}
{"FCP": 122.43000000307802}
{"TTFB": 5.3299999999580905}
{"LCP": 321.949}
{"FID": 2.0700000022770837}
{"FCP": 122.43000000307802}
{"TTFB": 5.3299999999580905}
{"LCP": 321.949}
{"FID": 2.0700000022770837}
{"FCP": 122.43000000307802}
{"TTFB": 5.3299999999580905}
{"LCP": 321.949}
{"FID": 2.0700000022770837}
{"TTFB": 5.3299999999580905}
{"FCP": 122.43000000307802}
{"LCP": 321.949}
{"FID": 2.0700000022770837}
{"FCP": 122.43000000307802}
{"TTFB": 5.3299999999580905}
{"LCP": 321.949}
{"FID": 2.0700000022770837}
{"FCP": 122.43000000307802}
{"TTFB": 5.3299999999580905}
{"LCP": 321.949}
{"FID": 2.0700000022770837}
{"FCP": 122.43000000307802}
{"TTFB": 5.3299999999580905}
{"LCP": 321.949}
{"FID": 2.0700000022770837}
{"FCP": 122.43000000307802}
{"TTFB": 5.3299999999580905}
{"LCP": 321.949}
{"FID": 2.0700000022770837}
{"FCP": 122.43000000307802}
{"TTFB": 5.3299999999580905}
{"LCP": 321.949}
{"FID": 2.0700000022770837}
{"FCP": 122.43000000307802}
{"TTFB": 5.3299999999580905}
{"LCP": 321.949}
{"FID": 2.0700000022770837}
{"FCP": 122.43000000307802}
{"TTFB": 5.3299999999580905}
{"LCP": 321.949}
{"FID": 2.0700000022770837}
{"FCP": 122.43000000307802}
{"TTFB": 5.3299999999580905}
{"LCP": 321.949}
{"FID": 2.0700000022770837}
{"FCP": 122.43000000307802}
{"TTFB": 5.3299999999580905}
{"LCP": 321.949}
{"FID": 2.0700000022770837}
{"FCP": 122.43000000307802}
{"TTFB": 5.3299999999580905}
{"LCP": 321.949}
{"FCP": 122.43000000307802}
{"FID": 2.0700000022770837}
{"TTFB": 5.3299999999580905}
{"LCP": 321.949}
{"FID": 2.0700000022770837}
{"FCP": 122.43000000307802}
{"TTFB": 5.3299999999580905}
{"LCP": 321.949}
{"FID": 2.0700000022770837}
{"FCP": 122.43000000307802}
{"TTFB": 5.3299999999580905}
{"LCP": 321.949}
{"FID": 2.0700000022770837}
{"FCP": 122.43000000307802}
{"TTFB": 5.3299999999580905}
{"LCP": 321.949}
{"FID": 2.0700000022770837}
{"FCP": 122.43000000307802}
{"TTFB": 5.3299999999580905}
{"LCP": 321.949}
{"FCP": 122.43000000307802}
{"TTFB": 5.3299999999580905}
{"FID": 2.0700000022770837}
{"LCP": 321.949}
{"FID": 2.0700000022770837}
{"FCP": 122.43000000307802}
{"TTFB": 5.3299999999580905}
{"LCP": 321.949}
{"FID": 2.0700000022770837}
{"FCP": 122.43000000307802}
{"TTFB": 5.3299999999580905}
{"LCP": 321.949}
{"FID": 2.0700000022770837}
{"FCP": 122.43000000307802}
{"TTFB": 5.3299999999580905}
{"LCP": 321.949}
{"FID": 2.0700000022770837}
{"FCP": 122.43000000307802}
{"TTFB": 5.3299999999580905}
{"LCP": 321.949}
{"FID": 2.0700000022770837}
{"FCP": 122.43000000307802}
{"TTFB": 5.3299999999580905}
{"LCP": 321.949}
{"FID": 2.0700000022770837}
{"FCP": 122.43000000307802}
{"TTFB": 5.3299999999580905}
{"LCP": 321.949}
{"FID": 2.0700000022770837}
{"FCP": 122.43000000307802}
{"TTFB": 5.3299999999580905}
{"LCP": 321.949}
{"FID": 2.0700000022770837}
{"FCP": 122.43000000307802}
{"TTFB": 5.3299999999580905}
{"LCP": 321.949}
{"FID": 2.0700000022770837}
{"FCP": 122.43000000307802}
{"TTFB": 5.3299999999580905}
{"LCP": 321.949}
{"FID": 2.0700000022770837}
{"TTFB": 5.3299999999580905}
{"FCP": 122.43000000307802}
{"LCP": 321.949}
{"FID": 2.0700000022770837}
{"FCP": 122.43000000307802}
{"TTFB": 5.3299999999580905}
{"LCP": 321.949}
{"FCP": 122.43000000307802}
{"FID": 2.0700000022770837}
{"TTFB": 5.3299999999580905}
{"LCP": 321.949}
{"FID": 2.0700000022770837}
{"TTFB": 5.3299999999580905}
{"FCP": 122.43000000307802}
{"LCP": 321.949}
{"FID": 2.0700000022770837}
{"FCP": 122.43000000307802}
{"TTFB": 5.3299999999580905}
{"LCP": 321.949}
{"FID": 2.0700000022770837}
{"FCP": 122.43000000307802}
{"TTFB": 5.3299999999580905}
{"LCP": 321.949}
{"FID": 2.0700000022770837}
{"FCP": 122.43000000307802}
{"TTFB": 5.3299999999580905}
{"LCP": 321.949}
{"TTFB": 5.3299999999580905}
{"FID": 2.0700000022770837}
{"FCP": 122.43000000307802}
{"LCP": 321.949}
{"FID": 2.0700000022770837}
{"FCP": 122.43000000307802}
{"TTFB": 5.3299999999580905}
{"LCP": 321.949}
{"FID": 2.0700000022770837}
{"FCP": 122.43000000307802}
{"TTFB": 5.3299999999580905}
{"LCP": 321.949}
{"FID": 2.0700000022770837}
{"FCP": 122.43000000307802}
{"TTFB": 5.3299999999580905}
{"LCP": 321.949}
{"FID": 2.0700000022770837}
{"FCP": 122.43000000307802}
{"TTFB": 5.3299999999580905}
{"LCP": 321.949}
{"FID": 2.0700000022770837}
{"FCP": 122.43000000307802}
{"TTFB": 5.3299999999580905}
{"LCP": 321.949}
{"FID": 2.0700000022770837}
{"FCP": 122.43000000307802}
{"TTFB": 5.3299999999580905}
{"LCP": 321.949}
{"FCP": 122.43000000307802}
{"FID": 2.0700000022770837}
{"TTFB": 5.3299999999580905}
{"LCP": 321.949}
{"FID": 2.0700000022770837}
{"FCP": 122.43000000307802}
{"TTFB": 5.3299999999580905}
{"LCP": 321.949}
{"FCP": 122.43000000307802}
{"FID": 2.0700000022770837}
{"TTFB": 5.3299999999580905}
{"LCP": 321.949}
{"FID": 2.0700000022770837}
{"FCP": 122.43000000307802}
{"TTFB": 5.3299999999580905}
{"LCP": 321.949}
{"FID": 2.0700000022770837}
{"FCP": 122.43000000307802}
{"TTFB": 5.3299999999580905}
{"LCP": 321.949}
{"FID": 2.0700000022770837}
{"FCP": 122.43000000307802}
{"TTFB": 5.3299999999580905}
{"LCP": 321.949}
{"FID": 2.0700000022770837}
{"FCP": 122.43000000307802}
{"TTFB": 5.3299999999580905}
{"LCP": 321.949}
{"FID": 2.0700000022770837}
{"FCP": 122.43000000307802}
{"TTFB": 5.3299999999580905}
{"LCP": 321.949}
{"FID": 2.0700000022770837}
{"FCP": 122.43000000307802}
{"TTFB": 5.3299999999580905}
{"LCP": 321.949}
{"FID": 2.0700000022770837}
{"TTFB": 5.3299999999580905}
{"FCP": 122.43000000307802}
{"LCP": 321.949}
{"FCP": 122.43000000307802}
{"FID": 2.0700000022770837}
{"TTFB": 5.3299999999580905}
{"LCP": 321.949}
{"FID": 2.0700000022770837}
{"FCP": 122.43000000307802}
{"TTFB": 5.3299999999580905}
{"LCP": 321.949}
{"FCP": 122.43000000307802}
{"FID": 2.0700000022770837}
{"TTFB": 5.3299999999580905}
{"LCP": 321.949}
{"FCP": 122.43000000307802}
{"FID": 2.0700000022770837}
{"TTFB": 5.3299999999580905}
{"LCP": 321.949}
{"FID": 2.0700000022770837}
{"FCP": 122.43000000307802}
{"TTFB": 5.3299999999580905}
{"LCP": 321.949}
{"FID": 2.0700000022770837}
{"FCP": 122.43000000307802}
{"TTFB": 5.3299999999580905}
{"LCP": 321.949}
{"FID": 2.0700000022770837}
{"FCP": 122.43000000307802}
{"TTFB": 5.3299999999580905}
{"LCP": 321.949}
{"FID": 2.0700000022770837}
{"TTFB": 5.3299999999580905}
{"FCP": 122.43000000307802}
{"LCP": 321.949}
{"FID": 2.0700000022770837}
{"FCP": 122.43000000307802}
{"TTFB": 5.3299999999580905}
{"LCP": 321.949}
{"FCP": 122.43000000307802}
{"FID": 2.0700000022770837}
{"TTFB": 5.3299999999580905}
{"LCP": 321.949}
{"FID": 2.0700000022770837}
{"FCP": 122.43000000307802}
{"TTFB": 5.3299999999580905}
{"LCP": 321.949}
{"FID": 2.0700000022770837}
{"TTFB": 5.3299999999580905}
{"FCP": 122.43000000307802}
{"LCP": 321.949}
{"FID": 2.0700000022770837}
{"FCP": 122.43000000307802}
{"TTFB": 5.3299999999580905}
{"LCP": 321.949}
{"FID": 2.0700000022770837}
{"FCP": 122.43000000307802}
{"TTFB": 5.3299999999580905}
{"LCP": 321.949}
{"FID": 2.0700000022770837}
{"FCP": 122.43000000307802}
{"TTFB": 5.3299999999580905}
{"LCP": 321.949}
{"FID": 2.0700000022770837}
{"FCP": 122.43000000307802}
{"TTFB": 5.3299999999580905}
{"LCP": 321.949}
{"FID": 2.0700000022770837}
{"FCP": 122.43000000307802}
{"TTFB": 5.3299999999580905}
{"LCP": 321.949}
{"FID": 2.0700000022770837}
{"FCP": 122.43000000307802}
{"TTFB": 5.3299999999580905}
{"LCP": 321.949}
{"FID": 2.0700000022770837}
{"FCP": 122.43000000307802}
{"TTFB": 5.3299999999580905}
{"LCP": 321.949}
