{"TTFB": 9.459999993850943}
{"FCP": 128.88999999995576}
{"LCP": 228.649}
{"FID": 2.059999998891726}
{"CLS": 0}
{"TTFB": 99.37499999796273}
{"FCP": 214.84000000054948}
{"LCP": 364.484}
{"FID": 104.7000000035041}
{"CLS": 0}
{"TTFB": 2.719999996770639}
{"FCP": 77.64999999926658}
{"LCP": 177.419}
{"FID": 0.34500000037951395}
{"CLS": 0}
{"TTFB": 2.710000000661239}
{"FCP": 61.24999999883585}
{"LCP": 144.444}
{"FID": 0.7299999997485429}
{"CLS": 0}
{"TTFB": 2.260000001115259}
{"FCP": 62.27000000217231}
{"LCP": 145.459}
{"FID": 0.44999999954598024}
{"CLS": 0}
{"TTFB": 2.3549999968963675}
{"FCP": 62.59499999578111}
{"LCP": 145.674}
{"FID": 0.3549999964889139}
{"CLS": 0}
{"TTFB": 1.3400000025285408}
{"FCP": 55.65000000206055}
{"LCP": 155.404}
{"FID": 0.6550000034621917}
{"CLS": 0}
{"TTFB": 2.3599999985890463}
{"FCP": 51.48499999631895}
{"LCP": 151.239}
{"FID": 0.37000000156695023}
{"CLS": 0}
{"TTFB": 2.630000002682209}
{"FCP": 53.140000003622845}
{"LCP": 152.91}
{"FID": 0.48999999853549525}
{"CLS": 0}
{"TTFB": 1.790000002074521}
{"FCP": 45.6800000029034}
{"LCP": 128.815}
{"FID": 0.43000000005122274}
{"CLS": 0}
{"TTFB": 1.8550000022514723}
{"FCP": 54.98500000248896}
{"LCP": 138.12}
{"FID": 0.4800000024260953}
{"CLS": 0}
{"TTFB": 2.6250000009895302}
{"FCP": 56.55999999726191}
{"LCP": 156.32}
{"FID": 0.6100000027799979}
{"CLS": 0}
{"TTFB": 2.555000006395858}
{"FCP": 56.78000000625616}
{"LCP": 156.545}
{"FID": 0.4450000051292591}
{"CLS": 0}
{"TTFB": 2.8649999949266203}
{"FCP": 47.0149999964633}
{"LCP": 146.774}
{"FID": 0.4650000046240166}
{"CLS": 0}
{"TTFB": 1.9399999946472235}
{"FCP": 51.579999999376014}
{"LCP": 151.344}
{"FID": 0.5249999958323315}
{"CLS": 0}
{"TTFB": 1.6049999976530671}
{"FCP": 52.21500000334345}
{"LCP": 135.345}
{"FID": 0.4850000041187741}
{"CLS": 0}
{"TTFB": 2.795000000332948}
{"FCP": 47.21500000596279}
{"LCP": 147.03}
{"FID": 0.5200000014156103}
{"CLS": 0}
{"TTFB": 1.5399999974761158}
{"FCP": 41.6099999929429}
{"LCP": 124.744}
{"FID": 0.5400000009103678}
{"CLS": 0}
{"TTFB": 1.304999997955747}
{"FCP": 118.34000000089873}
{"LCP": 118.34}
{"FID": 0.7100000002537854}
{"CLS": 0}
{"TTFB": 2.10499999957392}
{"FCP": 45.46000000118511}
{"FID": 7.215000005089678}
{"CLS": 0}
{"TTFB": 1.7149999985122122}
{"FCP": 51.83499999839114}
{"LCP": 134.969}
{"FID": 0.48499999684281647}
