{"TTFB": 4.885000002104789}
{"FCP": 126.81000000156928}
{"LCP": 293.02}
{"FID": 2.520000001823064}
{"CLS": 0}
{"TTFB": 3.0449999976553954}
{"FCP": 67.83999999606749}
{"LCP": 167.594}
{"FID": 1.3400000025285408}
{"CLS": 0}
{"TTFB": 1.9900000042980537}
{"FCP": 47.34000000462402}
{"LCP": 130.42}
{"FID": 1.5400000047520734}
{"CLS": 0}
{"TTFB": 1.759999999194406}
{"FCP": 44.04999999678694}
{"LCP": 160.439}
{"FID": 1.5149999962886795}
{"CLS": 0}
{"TTFB": 1.9699999975273386}
{"FCP": 46.69500000454718}
{"LCP": 163.079}
{"FID": 1.9400000019231811}
{"CLS": 0}
{"TTFB": 4.699999997683335}
{"FCP": 58.90499999804888}
{"LCP": 175.295}
{"FID": 1.4349999983096495}
{"CLS": 0}
{"TTFB": 2.5449999957345426}
{"FCP": 53.56999999639811}
{"LCP": 186.589}
{"FID": 1.3850000032107346}
{"CLS": 0}
{"TTFB": 3.555000002961606}
{"FCP": 47.24500000156695}
{"LCP": 163.63}
{"FID": 1.3099999996484257}
{"CLS": 0}
{"TTFB": 1.4599999994970858}
{"FCP": 38.88500000175554}
{"LCP": 138.704}
{"FID": 7.095000000845175}
{"CLS": 0}
{"TTFB": 1.2500000011641532}
{"FCP": 52.605000004405156}
{"LCP": 152.365}
{"FID": 1.2399999977787957}
{"CLS": 0}
{"TTFB": 1.949999998032581}
{"FCP": 55.13499999506166}
{"LCP": 138.269}
{"FID": 1.9600000014179386}
{"CLS": 0}
{"TTFB": 2.6900000011664815}
{"FCP": 50.435000004654285}
{"LCP": 166.815}
{"FID": 1.5399999974761158}
{"CLS": 0}
{"TTFB": 2.099999997881241}
{"FCP": 47.53499999787891}
{"LCP": 163.914}
{"FID": 1.6049999976530671}
{"CLS": 0}
{"TTFB": 2.6400000060675666}
{"FCP": 47.61000000144122}
{"LCP": 164.005}
{"FID": 4.744999998365529}
{"CLS": 0}
{"TTFB": 4.80999999854248}
{"FCP": 41.6449999975157}
{"LCP": 141.405}
{"FID": 1.3199999957578257}
{"CLS": 0}
{"TTFB": 3.170000003592577}
{"FCP": 50.64000000129454}
{"LCP": 133.719}
{"FID": 1.6950000062934123}
{"CLS": 0}
{"TTFB": 1.4250000022002496}
{"FCP": 39.38000000198372}
{"LCP": 139.139}
{"FID": 1.414999998814892}
{"CLS": 0}
{"TTFB": 2.795000000332948}
{"FCP": 42.34500000166008}
{"LCP": 142.169}
{"FID": 1.7399999996996485}
{"CLS": 0}
{"TTFB": 2.250000005005859}
{"FCP": 46.300000001792796}
{"LCP": 162.7}
{"FID": 1.344999996945262}
{"CLS": 0}
{"TTFB": 4.469999999855645}
{"FCP": 60.52500000077998}
{"LCP": 176.91}
{"FID": 1.2500000011641532}
